id,name,description,createdAt,lastModifiedAt,price
1,Aldo,Bonsey,8/27/2022,6/24/2022,56
2,Garek,Hain,11/2/2022,8/13/2022,74
3,Ailey,Tofful,12/25/2022,6/4/2022,83
4,Leora,Leydon,4/17/2022,11/24/2022,44
5,Bailie,Bortolini,4/20/2022,5/18/2022,78
6,Gigi,Cryer,8/20/2022,12/26/2022,58
7,Edi,Maybery,4/24/2022,7/13/2022,85
8,Gerri,Kolakovic,5/13/2022,2/2/2023,34
9,Keene,Brise,9/5/2022,9/5/2022,70
10,Skipton,Hairs,12/20/2022,3/13/2023,13
11,Rhoda,Rzehorz,11/6/2022,2/27/2023,77
12,Rodrick,Brackenridge,9/13/2022,10/2/2022,92
13,Emmalynne,Goscar,1/23/2023,12/5/2022,38
14,Davidson,Whitelock,9/19/2022,5/24/2022,7
15,Hamilton,Mottley,7/8/2022,11/30/2022,82
16,Calley,Fraine,6/27/2022,10/2/2022,62
17,Egon,Shovlin,11/13/2022,4/3/2023,41
18,Rollin,Treadway,10/10/2022,4/20/2022,30
19,Farrand,Binton,8/17/2022,10/27/2022,92
20,Nicolas,Duplock,5/31/2022,7/9/2022,99
21,Romonda,Larby,12/26/2022,8/16/2022,51
22,Brenden,Voden,8/25/2022,12/24/2022,87
23,Ker,Songest,10/31/2022,2/22/2023,51
24,Anna-diane,Brittin,2/9/2023,2/19/2023,46
25,Shir,Cuddehy,11/26/2022,2/2/2023,15
26,Shandee,Fausch,5/15/2022,1/6/2023,35
27,Garreth,Wildman,4/18/2022,5/14/2022,85
28,Angelo,Chinge de Hals,6/3/2022,8/6/2022,72
29,Lionello,Ceney,1/7/2023,10/8/2022,24
30,Kelwin,Josebury,9/30/2022,4/6/2023,79
31,Rochester,Kohneke,9/20/2022,4/7/2022,4
32,Billye,Asel,10/10/2022,1/13/2023,45
33,Nola,Birwhistle,11/30/2022,3/22/2023,39
34,Alwin,Stubbings,10/3/2022,7/6/2022,62
35,Ofilia,De Cleen,8/19/2022,4/3/2023,87
36,Codie,Buckle,2/16/2023,11/5/2022,20
37,Earvin,Lunt,6/29/2022,6/17/2022,38
38,Joshuah,Radband,5/11/2022,1/31/2023,13
39,Kenton,Rosiello,3/20/2023,7/14/2022,10
40,Alanna,Physick,1/31/2023,9/26/2022,59
41,Geordie,Gilffilland,12/12/2022,4/17/2022,30
42,Thorndike,Poundford,11/4/2022,10/11/2022,86
43,Deerdre,Fransson,8/26/2022,12/27/2022,23
44,Britt,Duff,7/27/2022,11/2/2022,94
45,Roana,Santacrole,6/3/2022,8/16/2022,24
46,Cobbie,Verson,7/5/2022,5/6/2022,80
47,Onida,Vinnick,7/7/2022,9/5/2022,12
48,Rick,Strugnell,6/29/2022,7/7/2022,18
49,Tait,Goodwill,7/25/2022,11/24/2022,7
50,Carl,Spriddle,3/11/2023,12/4/2022,49
51,Alaster,Gervaise,12/4/2022,10/25/2022,33
52,Jeff,Rembaud,8/3/2022,10/27/2022,51
53,Beth,Eagger,1/25/2023,12/31/2022,52
54,Olympia,Leile,3/6/2023,11/9/2022,35
55,Sherrie,Caccavella,2/5/2023,9/9/2022,40
56,Nikki,Gregson,4/20/2022,11/6/2022,73
57,Rodney,Tue,8/6/2022,5/25/2022,99
58,Magdalen,Hidderley,3/21/2023,1/29/2023,37
59,Gerrie,Vann,6/15/2022,3/10/2023,22
60,Erin,Kubiczek,9/4/2022,6/10/2022,5
61,Gale,Caccavale,11/22/2022,8/5/2022,88
62,Mei,Wabb,8/23/2022,2/1/2023,44
63,Vassily,Gethings,8/13/2022,4/3/2023,66
64,Babette,Lumpkin,11/22/2022,10/13/2022,8
65,Amil,Davydoch,11/8/2022,11/18/2022,64
66,Stacy,Sanbroke,9/15/2022,1/5/2023,88
67,Ansel,Isaac,2/21/2023,12/15/2022,28
68,Darryl,Canepe,3/17/2023,6/19/2022,32
69,Elisa,Bielfeld,8/7/2022,3/12/2023,39
70,Millie,Siggery,6/5/2022,11/19/2022,89
71,Annmaria,Philippard,2/14/2023,9/19/2022,50
72,Lezlie,Flint,1/10/2023,9/21/2022,3
73,Armin,Canero,6/3/2022,7/5/2022,70
74,Mignon,Weippert,3/19/2023,5/27/2022,92
75,Tymothy,Riseley,10/22/2022,6/8/2022,61
76,Brock,MacTrustam,11/6/2022,7/30/2022,72
77,Violet,Franschini,5/15/2022,8/12/2022,17
78,Rodolphe,Whiteside,1/28/2023,10/18/2022,35
79,Cammi,Wrenn,12/19/2022,11/3/2022,100
80,Clive,Liddiard,6/22/2022,4/5/2023,32
81,Samson,Layborn,5/4/2022,3/20/2023,51
82,Rafaello,Winn,8/4/2022,4/14/2022,38
83,Tilly,Twinborne,11/19/2022,1/14/2023,70
84,Jeramie,Branchett,8/3/2022,5/6/2022,61
85,Lacee,Smolan,8/21/2022,12/7/2022,29
86,Flynn,Stollberg,6/16/2022,8/4/2022,65
87,Brooks,Peirce,1/18/2023,5/31/2022,97
88,Samaria,MacMenamin,11/14/2022,10/16/2022,14
89,North,Lockie,4/13/2022,5/13/2022,2
90,Kamilah,McDarmid,1/23/2023,6/27/2022,7
91,Hercule,Badman,12/24/2022,7/9/2022,3
92,Allin,Conford,5/5/2022,8/14/2022,25
93,Russell,Crummey,6/17/2022,1/10/2023,16
94,Crista,Scoffham,12/29/2022,11/4/2022,83
95,Melosa,Twiggins,9/2/2022,4/19/2022,55
96,Mable,McCreery,5/5/2022,8/30/2022,70
97,Jacquelynn,Orcas,11/1/2022,4/9/2022,18
98,Jordon,Bust,9/15/2022,3/7/2023,79
99,Theodora,Killick,2/22/2023,5/10/2022,69
100,Gayle,Tagg,11/28/2022,1/2/2023,63
101,Kaitlynn,Cudd,8/27/2022,7/5/2022,19
102,Alys,Mayze,6/5/2022,10/1/2022,16
103,Mildrid,Debenham,3/12/2023,11/1/2022,94
104,Myrtice,Klewi,11/7/2022,10/1/2022,8
105,Leif,Filshin,3/16/2023,12/24/2022,20
106,Karia,Delgadillo,3/17/2023,8/2/2022,80
107,Michail,De Simoni,10/17/2022,1/5/2023,23
108,Alleyn,Havock,1/17/2023,10/31/2022,11
109,Iseabal,Truman,6/11/2022,1/10/2023,9
110,Roscoe,Hearns,11/22/2022,7/28/2022,11
111,Valenka,Dudmarsh,2/2/2023,1/27/2023,9
112,Maritsa,Dansey,6/24/2022,10/28/2022,36
113,Oliy,Priddey,6/7/2022,3/5/2023,42
114,Allen,Maruska,9/26/2022,11/4/2022,42
115,Erma,MacAdam,1/15/2023,6/19/2022,24
116,Rhona,Watford,7/8/2022,5/3/2022,16
117,Louise,Fettes,12/15/2022,10/4/2022,58
118,Gilberta,Jewers,9/28/2022,9/5/2022,86
119,Mata,Sapwell,11/15/2022,11/19/2022,25
120,Hilarius,Kynder,10/7/2022,8/24/2022,54
121,Richmond,De Bruijne,9/2/2022,12/2/2022,51
122,Mickie,Drinkale,8/18/2022,2/13/2023,42
123,Hyacinthia,Liccardo,5/23/2022,1/20/2023,43
124,Web,Philippard,11/13/2022,1/23/2023,100
125,Goddart,Ewols,2/10/2023,6/14/2022,55
126,Bale,McAlroy,11/20/2022,7/1/2022,83
127,Danya,Mallett,2/18/2023,11/26/2022,32
128,Ginnie,Goldfinch,5/24/2022,5/23/2022,51
129,Sayres,Oughtright,11/4/2022,6/6/2022,24
130,Kaela,McGeffen,4/15/2022,11/2/2022,17
131,Daloris,Thaine,6/10/2022,9/19/2022,29
132,Carmella,Aulsford,4/27/2022,5/23/2022,57
133,Donny,Moehle,6/1/2022,9/13/2022,72
134,Vivyanne,Annandale,1/19/2023,11/24/2022,16
135,Guenevere,Fey,7/3/2022,7/8/2022,11
136,Ebba,Bater,4/7/2022,9/22/2022,64
137,Dennie,Lesley,8/17/2022,6/7/2022,17
138,Vinny,McMechan,3/3/2023,5/18/2022,73
139,Connor,Kunkler,2/20/2023,1/25/2023,44
140,Alicia,Schankel,3/27/2023,12/15/2022,88
141,Elbert,Leebeter,6/1/2022,8/11/2022,85
142,Teddy,Churchward,12/28/2022,1/16/2023,4
143,Elmore,Yeowell,12/23/2022,1/22/2023,23
144,Estel,Kopp,3/29/2023,5/12/2022,100
145,Pandora,Gerrelt,11/26/2022,5/8/2022,23
146,Corty,Kynsey,10/14/2022,4/27/2022,1
147,Marys,Kightly,8/30/2022,7/12/2022,29
148,Amelie,Piddick,5/14/2022,10/31/2022,52
149,Grace,Beardshaw,9/11/2022,7/12/2022,8
150,Brianne,Goldfinch,7/4/2022,12/19/2022,34
151,Lavinia,Snowball,8/18/2022,8/16/2022,47
152,Jenilee,Adnett,4/18/2022,4/19/2022,26
153,Evvy,De Freitas,9/14/2022,10/23/2022,61
154,Garrick,MacIlory,7/2/2022,3/8/2023,73
155,Janenna,Penright,8/9/2022,12/25/2022,6
156,Taddeo,Chotty,11/5/2022,10/18/2022,18
157,Shepard,Dilleston,10/28/2022,8/7/2022,60
158,Shanan,Jeff,2/24/2023,6/5/2022,29
159,Christel,Izakoff,9/14/2022,9/28/2022,100
160,Hana,Mordaunt,8/14/2022,12/25/2022,79
161,Jase,Diegan,5/11/2022,9/16/2022,52
162,Desi,Quakley,6/26/2022,12/15/2022,13
163,Ansell,Shimon,6/3/2022,3/5/2023,72
164,Lura,Jewers,3/18/2023,11/30/2022,88
165,Dorelle,Mincini,4/8/2022,7/3/2022,85
166,Elladine,Losel,3/12/2023,11/3/2022,95
167,Natalina,Raven,7/27/2022,6/4/2022,49
168,Eduard,Gotcliffe,6/19/2022,9/7/2022,69
169,Kalinda,Prior,3/26/2023,9/11/2022,91
170,Valdemar,Hache,11/21/2022,10/22/2022,1
171,Bogart,Maceur,12/1/2022,7/19/2022,86
172,Kenneth,Morales,3/21/2023,7/13/2022,51
173,Cathleen,Kippins,4/3/2023,8/17/2022,50
174,Angelico,Giacomi,7/18/2022,11/9/2022,95
175,Keelia,Stallebrass,7/17/2022,5/2/2022,32
176,Clive,Tersay,4/22/2022,3/29/2023,59
177,Arlena,Elkins,10/9/2022,7/29/2022,35
178,Penrod,Bunworth,12/13/2022,2/10/2023,15
179,Angelle,Grichukhin,3/12/2023,3/25/2023,54
180,Tallia,Corradini,6/26/2022,6/4/2022,56
181,Chad,Haythornthwaite,5/26/2022,11/9/2022,98
182,Alidia,Pfleger,10/4/2022,5/31/2022,63
183,Packston,Dyerson,4/8/2022,9/23/2022,73
184,Leon,Axell,12/21/2022,3/7/2023,67
185,Chucho,Jacqueminet,8/15/2022,6/26/2022,49
186,Basil,Robottham,5/15/2022,1/30/2023,11
187,Pavlov,Lesurf,7/14/2022,5/28/2022,46
188,Brande,Steade,3/2/2023,9/20/2022,28
189,Rhett,Cuddehay,8/30/2022,6/19/2022,71
190,Doralia,Bollans,9/11/2022,2/4/2023,85
191,Tate,Treslove,11/11/2022,12/26/2022,7
192,Albrecht,Rolley,10/20/2022,8/27/2022,4
193,Beauregard,Kruschev,2/18/2023,12/28/2022,9
194,Hamnet,Bridgeman,9/17/2022,2/15/2023,100
195,Osgood,Trueman,10/4/2022,7/24/2022,86
196,Angele,Bolduc,12/6/2022,8/24/2022,93
197,Meg,Creggan,10/5/2022,9/8/2022,27
198,Aubrey,Patmore,10/26/2022,11/10/2022,77
199,Russell,Cluett,3/30/2023,10/27/2022,26
200,Giffer,Woonton,7/11/2022,11/15/2022,89
201,Roman,Rolling,4/10/2022,4/30/2022,87
202,Haleigh,Dane,5/10/2022,4/13/2022,9
203,Phillis,Bassill,10/9/2022,12/30/2022,57
204,Katusha,Klos,1/8/2023,12/7/2022,27
205,Nicol,Pibworth,5/9/2022,5/22/2022,84
206,Lion,Abate,1/25/2023,7/3/2022,15
207,Rani,Gamell,11/21/2022,1/25/2023,49
208,Gerek,Gateman,7/9/2022,12/30/2022,43
209,Chaunce,Korneluk,2/21/2023,4/18/2022,35
210,Mata,Heartfield,6/20/2022,2/9/2023,36
211,Catlaina,Switland,8/18/2022,11/12/2022,93
212,Ninon,Sisneros,7/14/2022,9/27/2022,13
213,Kala,Meake,12/15/2022,4/26/2022,57
214,Alverta,Pleace,8/19/2022,7/14/2022,80
215,Malory,Fowlston,8/7/2022,4/20/2022,82
216,Brittney,Venditti,4/15/2022,2/28/2023,76
217,Carolyne,Speers,12/24/2022,4/8/2022,60
218,Adrian,Yakobowitz,2/6/2023,8/14/2022,100
219,Elva,McKernon,1/11/2023,12/8/2022,18
220,Riobard,Evill,11/17/2022,2/11/2023,29
221,Berk,Yitzhakov,11/9/2022,7/1/2022,62
222,Catlaina,Casol,3/29/2023,3/1/2023,93
223,Karyl,Abercrombie,8/22/2022,12/14/2022,78
224,Broderic,Lob,3/16/2023,10/18/2022,34
225,Woodie,Marvin,11/16/2022,11/10/2022,91
226,Minny,Baudoux,10/7/2022,9/28/2022,18
227,Culley,Greetland,3/7/2023,7/1/2022,37
228,Lemmie,Prandi,2/1/2023,1/29/2023,41
229,Diana,Cassam,5/28/2022,6/7/2022,91
230,Tybie,Pinkett,2/8/2023,12/5/2022,76
231,Clyde,Widd,7/19/2022,5/5/2022,86
232,Bill,Cristofol,10/13/2022,12/11/2022,17
233,Henrieta,Erwin,12/8/2022,8/5/2022,9
234,Erroll,Hughf,11/2/2022,9/16/2022,39
235,Tova,Doust,12/14/2022,5/7/2022,11
236,Boniface,Riddock,9/24/2022,1/8/2023,14
237,Aleksandr,Scapens,11/10/2022,1/28/2023,32
238,Edmund,Black,8/1/2022,3/6/2023,96
239,Em,Oughton,2/23/2023,11/2/2022,27
240,Gelya,Figura,12/12/2022,11/28/2022,97
241,Rory,Streatley,7/15/2022,12/21/2022,50
242,Sal,Smallshaw,6/24/2022,5/31/2022,32
243,Onida,Titlow,2/28/2023,12/19/2022,40
244,Ruthie,Cadge,10/30/2022,5/27/2022,1
245,Chic,O'Sherin,5/9/2022,12/24/2022,50
246,Dawn,Mountain,11/18/2022,9/19/2022,39
247,Maurizia,McQueen,12/12/2022,1/11/2023,5
248,Benedikta,Lamkin,5/4/2022,10/21/2022,17
249,Aaron,Levick,2/20/2023,7/27/2022,93
250,Kimberli,Nannoni,9/30/2022,8/31/2022,65
251,Zoe,Gurge,2/22/2023,12/8/2022,16
252,Corinna,Bennetto,8/22/2022,4/9/2022,82
253,Darn,Lent,12/21/2022,12/20/2022,99
254,Nahum,Doumer,3/27/2023,11/27/2022,2
255,Ado,Kubin,8/14/2022,2/13/2023,57
256,Helene,Bull,7/6/2022,5/1/2022,95
257,Kathe,Rentalll,2/25/2023,12/30/2022,84
258,Chad,Stainbridge,2/18/2023,12/28/2022,10
259,Myca,Slimon,12/18/2022,5/13/2022,35
260,Haven,Swalwell,12/12/2022,5/12/2022,46
261,Madelaine,Lytlle,4/7/2022,8/23/2022,97
262,Madge,Dulson,10/4/2022,2/9/2023,63
263,Huey,Seldner,10/20/2022,9/4/2022,32
264,Ange,Schmidt,7/19/2022,4/29/2022,99
265,Thom,Bedells,2/11/2023,3/21/2023,48
266,Markos,Grouse,4/13/2022,11/8/2022,44
267,Bettye,De Few,5/4/2022,10/14/2022,63
268,Bennie,Saker,7/8/2022,10/1/2022,96
269,Erskine,Sexstone,11/16/2022,1/20/2023,37
270,Tad,Ruddock,9/26/2022,7/30/2022,83
271,Ddene,Kimmitt,12/9/2022,1/17/2023,71
272,Gabbie,Stanworth,3/26/2023,2/11/2023,42
273,Reggie,Kilgour,8/22/2022,11/20/2022,82
274,Norean,Mercik,7/20/2022,1/29/2023,35
275,Herrick,Brasner,8/26/2022,10/28/2022,17
276,Beckie,Van Giffen,11/9/2022,3/23/2023,45
277,Madonna,Feldmark,12/4/2022,5/5/2022,23
278,Cristine,Garbott,11/16/2022,5/9/2022,86
279,Peggi,Facchini,9/16/2022,12/31/2022,55
280,Morlee,Blazej,7/10/2022,9/6/2022,93
281,Lev,Cockney,9/13/2022,12/11/2022,87
282,Robbi,Louca,4/4/2023,4/8/2022,88
283,Andy,Griffithe,9/28/2022,10/20/2022,93
284,Luciano,Goolding,6/21/2022,7/10/2022,27
285,Malachi,Lydon,11/19/2022,2/24/2023,48
286,Jordan,Forri,10/9/2022,6/7/2022,50
287,Felic,Coils,3/15/2023,6/12/2022,16
288,Cyndi,Plumstead,8/13/2022,7/26/2022,94
289,Ilario,Checcuzzi,1/14/2023,6/3/2022,40
290,Persis,Warnock,9/9/2022,7/10/2022,11
291,Kessia,Cannaway,10/25/2022,6/18/2022,11
292,Ethelda,Selliman,1/17/2023,4/3/2023,56
293,Kaye,Starmont,6/6/2022,1/3/2023,98
294,Sadie,Largan,6/30/2022,9/20/2022,46
295,Cyndi,Hurlestone,6/27/2022,3/31/2023,29
296,Henrie,Syphus,12/14/2022,9/7/2022,53
297,Cherey,Jouhan,1/4/2023,8/4/2022,37
298,Belinda,McAuslene,6/25/2022,9/7/2022,93
299,Selle,Everwin,10/12/2022,2/28/2023,24
300,Trude,Meardon,12/2/2022,8/15/2022,76
301,Erin,Behneke,9/19/2022,9/28/2022,27
302,Dillon,Fihelly,4/10/2022,2/5/2023,2
303,Josi,Wisam,11/7/2022,5/13/2022,31
304,Raddy,Reubel,6/11/2022,5/28/2022,92
305,Nicolas,Leece,9/26/2022,5/20/2022,41
306,Ernst,Okell,6/30/2022,11/2/2022,55
307,Harriette,Prendeville,12/24/2022,3/12/2023,47
308,Jeanine,Wedgbrow,11/3/2022,3/12/2023,86
309,Corliss,Mulbery,12/26/2022,8/15/2022,55
310,Barry,Devlin,4/18/2022,9/1/2022,90
311,Anatola,Gligorijevic,7/12/2022,4/9/2022,100
312,Kellen,Pyffe,2/28/2023,3/13/2023,30
313,Lenci,Easter,2/24/2023,8/29/2022,73
314,Casey,Guthrie,9/22/2022,9/24/2022,49
315,Rikki,Poolman,11/12/2022,4/22/2022,8
316,Erwin,Millyard,12/18/2022,8/8/2022,90
317,Neddie,De Laspee,10/22/2022,10/15/2022,21
318,Malvina,Stelfox,11/3/2022,6/6/2022,35
319,Pancho,Beresfore,10/23/2022,9/11/2022,29
320,Dulci,Lukianovich,9/29/2022,5/6/2022,41
321,Honoria,Leveret,5/24/2022,3/6/2023,68
322,Alvie,Dicker,9/2/2022,3/9/2023,62
323,Karna,Matzen,6/25/2022,11/18/2022,51
324,Malynda,Quinnet,7/5/2022,12/5/2022,31
325,Thoma,Sleit,8/22/2022,5/30/2022,19
326,Dulsea,Cortez,8/22/2022,3/1/2023,88
327,Honor,Wreath,8/2/2022,10/10/2022,41
328,Lindy,Onthank,7/28/2022,2/3/2023,26
329,Bartolemo,Malby,1/15/2023,5/6/2022,51
330,Demetris,Paten,4/20/2022,12/18/2022,29
331,Nilson,Norcutt,1/24/2023,12/9/2022,99
332,Atlante,Gaitskill,4/29/2022,3/4/2023,23
333,Petronia,Bucher,3/30/2023,9/9/2022,41
334,Herc,Paal,3/3/2023,4/30/2022,60
335,Abbie,Tooker,5/24/2022,7/12/2022,57
336,Dalt,Colliard,12/18/2022,8/21/2022,72
337,Nanice,Yerby,7/13/2022,8/23/2022,11
338,Hamish,Goldstraw,11/22/2022,9/13/2022,51
339,Denis,Luby,3/18/2023,6/14/2022,97
340,Lucita,Pinel,3/27/2023,4/17/2022,4
341,Sutton,Rubinow,6/28/2022,2/5/2023,89
342,Michaela,Gasquoine,7/9/2022,12/30/2022,54
343,Esta,Willisch,3/3/2023,5/21/2022,68
344,Carlo,Feavyour,10/27/2022,10/10/2022,66
345,Jeffrey,Kinnoch,5/8/2022,4/6/2023,8
346,Viv,Middlewick,3/8/2023,5/5/2022,25
347,Binky,Sam,4/28/2022,11/30/2022,19
348,Zorah,Andor,7/30/2022,1/24/2023,95
349,Amata,Gandar,4/4/2023,4/8/2022,51
350,Correy,Tuckett,1/1/2023,11/11/2022,23
351,Jaimie,Townrow,3/16/2023,8/4/2022,9
352,Tedman,Duell,2/28/2023,8/6/2022,68
353,Pet,Barnwall,12/28/2022,8/14/2022,45
354,Edsel,Edden,10/2/2022,2/19/2023,11
355,Alyda,Linneman,7/1/2022,1/27/2023,19
356,Sianna,Gladden,3/6/2023,12/27/2022,46
357,Yehudi,Hackworth,6/17/2022,3/31/2023,37
358,Joellen,Boorn,11/30/2022,7/12/2022,12
359,Kora,Moynham,9/5/2022,4/20/2022,25
360,Maria,Shedden,5/28/2022,6/29/2022,21
361,Nikkie,Edgington,12/10/2022,8/9/2022,29
362,Kary,Lofty,5/16/2022,2/5/2023,63
363,Teresita,Gorini,8/10/2022,5/26/2022,89
364,Ainslie,Albon,1/16/2023,7/9/2022,76
365,Iago,Cressy,12/16/2022,3/6/2023,84
366,Wiatt,Vase,6/26/2022,9/20/2022,89
367,Ilise,Elie,7/2/2022,10/29/2022,75
368,Amara,Chinnery,12/22/2022,6/28/2022,16
369,Gill,Molder,6/26/2022,11/23/2022,78
370,Cornell,Josipovic,11/28/2022,8/8/2022,16
371,Neill,Leatherborrow,1/2/2023,9/30/2022,2
372,Rois,Whaley,7/28/2022,7/9/2022,53
373,Benoite,Webburn,7/31/2022,9/4/2022,39
374,Adel,Devall,7/30/2022,6/26/2022,84
375,Gennifer,Bushen,1/3/2023,2/26/2023,37
376,Cathleen,Kitchener,5/16/2022,9/25/2022,89
377,Aindrea,Curnow,11/28/2022,1/24/2023,59
378,Annelise,Gianolo,3/23/2023,10/17/2022,80
379,Lolly,Mapledorum,11/12/2022,3/12/2023,82
380,Arabelle,MacArte,9/17/2022,12/5/2022,40
381,Rudd,Yetts,5/12/2022,8/17/2022,9
382,Kaleena,Hawksworth,9/23/2022,9/11/2022,92
383,Berte,Shurrock,4/24/2022,8/13/2022,89
384,Fabe,Bearman,1/29/2023,4/19/2022,100
385,Adaline,Hercock,7/13/2022,11/15/2022,14
386,Mayne,Clements,5/18/2022,5/21/2022,59
387,Cecil,Perrat,8/8/2022,12/26/2022,50
388,Lucy,Halso,8/21/2022,10/11/2022,46
389,Robinette,Monk,8/30/2022,12/28/2022,32
390,Abdel,Di Roberto,6/3/2022,12/18/2022,50
391,Decca,Pierucci,1/9/2023,11/5/2022,85
392,Burgess,Hynes,8/26/2022,1/14/2023,44
393,Lewes,Delamaine,1/29/2023,7/15/2022,38
394,Amalle,Greenman,10/22/2022,5/11/2022,64
395,Paxton,Meddings,2/6/2023,1/3/2023,73
396,Giffy,Niesel,1/31/2023,6/19/2022,96
397,Jory,Joul,2/5/2023,8/28/2022,93
398,Hobie,Gertz,5/3/2022,9/1/2022,74
399,Ev,Olek,7/19/2022,4/14/2022,10
400,Fay,Oxbie,6/8/2022,8/26/2022,100
401,Benita,Spawton,8/30/2022,1/28/2023,88
402,Lyle,Shambrook,12/22/2022,11/24/2022,16
403,Manfred,Lauridsen,4/29/2022,8/1/2022,77
404,Alverta,Petche,4/3/2023,6/11/2022,27
405,Matthias,Mylchreest,4/6/2023,1/30/2023,100
406,Zaneta,Darbey,1/29/2023,9/4/2022,40
407,Averil,Jarrette,12/6/2022,3/2/2023,82
408,Kari,Stockall,3/9/2023,1/22/2023,34
409,Edwin,Warrior,9/8/2022,1/1/2023,15
410,Morlee,Tanswell,12/12/2022,6/21/2022,9
411,Rogerio,Towersey,12/24/2022,4/5/2023,23
412,Gradey,Beeres,3/4/2023,2/17/2023,11
413,Ferguson,Gatrill,10/19/2022,3/23/2023,43
414,Sher,Vasilyevski,11/11/2022,3/24/2023,43
415,Sandi,Wickliffe,3/20/2023,5/12/2022,72
416,Archibald,Chadwin,6/2/2022,5/21/2022,49
417,Hobey,Schaumann,9/8/2022,7/3/2022,62
418,Jarrod,Obray,1/16/2023,10/30/2022,57
419,Aldo,Merill,2/5/2023,2/16/2023,97
420,Wolfgang,Reaman,8/30/2022,1/21/2023,1
421,Taryn,Twiggins,5/18/2022,11/1/2022,73
422,Goraud,Ruilton,2/6/2023,10/25/2022,36
423,Bobbye,Rzehor,12/22/2022,7/7/2022,50
424,Donavon,Rosoman,7/30/2022,7/7/2022,26
425,Essy,Corrao,12/11/2022,9/26/2022,93
426,Aleksandr,Peyto,7/23/2022,11/27/2022,26
427,Pandora,Bessey,7/12/2022,9/22/2022,31
428,Marvin,Cornew,11/19/2022,12/15/2022,36
429,Alain,Matveyev,9/30/2022,6/16/2022,38
430,Keene,Ceaser,6/6/2022,3/27/2023,46
431,Quinta,Krop,12/24/2022,5/8/2022,82
432,Lamond,Sussams,12/11/2022,11/16/2022,33
433,Barry,Rickertsen,10/21/2022,10/8/2022,67
434,Nero,Irwin,4/9/2022,5/30/2022,7
435,Eric,Chimes,10/7/2022,3/6/2023,66
436,Fairfax,Redgrove,1/14/2023,7/12/2022,37
437,Morganne,Kenderdine,11/3/2022,5/8/2022,72
438,Corbett,Jeandon,4/30/2022,1/26/2023,54
439,Marigold,Beadnell,2/18/2023,10/18/2022,72
440,Fallon,Bahike,3/22/2023,11/11/2022,40
441,Osbert,Teodori,10/29/2022,5/3/2022,47
442,Lorinda,Tiddy,2/21/2023,5/23/2022,39
443,Northrop,Lyfe,11/30/2022,5/25/2022,8
444,Arlinda,Kenen,2/24/2023,1/18/2023,54
445,Nobie,Gonneau,9/20/2022,10/25/2022,10
446,Carolee,Cashmore,7/4/2022,8/7/2022,57
447,Georgiana,Ker,3/4/2023,6/5/2022,76
448,Joeann,Bothbie,7/16/2022,5/24/2022,55
449,Wright,Kitt,12/11/2022,12/1/2022,49
450,Rafi,Calley,6/4/2022,8/8/2022,63
451,Michelle,Osment,4/11/2022,9/6/2022,9
452,Ellwood,Pavis,9/29/2022,3/26/2023,76
453,Caldwell,Wharf,7/31/2022,10/17/2022,57
454,Maryrose,Hovington,3/7/2023,1/16/2023,95
455,Shepperd,Elsmor,6/8/2022,4/11/2022,97
456,Dorie,Lampett,7/1/2022,10/28/2022,87
457,Eryn,Iacomini,10/8/2022,9/1/2022,81
458,Lily,Snelman,6/6/2022,4/17/2022,91
459,Derward,Margerrison,10/12/2022,12/15/2022,22
460,Carlyle,Pynn,5/5/2022,1/3/2023,67
461,Gus,Gocher,2/9/2023,5/11/2022,18
462,Victor,Grassi,8/16/2022,8/28/2022,22
463,Colin,Roddell,7/13/2022,5/27/2022,89
464,Arlyn,Klus,10/1/2022,12/14/2022,62
465,Emelia,Hubback,10/15/2022,12/29/2022,44
466,Flory,Bligh,7/17/2022,6/12/2022,8
467,Tara,Owers,7/10/2022,2/20/2023,31
468,Ermanno,Ferrieri,5/7/2022,10/4/2022,56
469,Ivy,Newby,11/2/2022,11/27/2022,33
470,Zelma,Petrus,2/28/2023,4/7/2022,17
471,Binky,Darleston,1/7/2023,1/27/2023,48
472,Godfrey,Gallahar,1/18/2023,4/17/2022,28
473,Ursola,Clowley,2/11/2023,1/29/2023,41
474,Zaccaria,Findlay,7/11/2022,5/24/2022,97
475,Ertha,Pashen,4/15/2022,10/28/2022,44
476,Christoforo,Carter,8/18/2022,8/10/2022,17
477,Aretha,Harms,2/2/2023,4/27/2022,92
478,Rosy,Rowston,1/31/2023,8/13/2022,5
479,Lorne,Chadband,7/2/2022,8/24/2022,79
480,Eugene,Sirette,8/22/2022,5/1/2022,3
481,Leon,Clarabut,1/30/2023,1/5/2023,55
482,Kitti,Gilluley,4/12/2022,5/2/2022,4
483,Bran,Sauter,11/12/2022,3/21/2023,14
484,Pavla,Meek,1/30/2023,10/3/2022,27
485,Chane,Innocenti,2/1/2023,3/4/2023,15
486,Rana,Geeve,5/4/2022,7/3/2022,45
487,Hadria,Cool,2/10/2023,8/7/2022,65
488,Arvie,Ritch,12/16/2022,11/10/2022,2
489,Belva,Sumers,11/12/2022,11/2/2022,29
490,Melody,Shermar,7/8/2022,6/15/2022,100
491,Clotilda,Glover,9/16/2022,3/26/2023,75
492,Gae,Culvey,3/24/2023,1/14/2023,55
493,Zonnya,Fourcade,5/13/2022,9/29/2022,40
494,Calvin,Bultitude,6/6/2022,10/26/2022,6
495,Viole,Blum,10/23/2022,4/12/2022,13
496,Simone,Peterkin,6/15/2022,10/27/2022,78
497,Jermain,McGahey,5/16/2022,4/11/2022,1
498,Alon,Grunbaum,3/4/2023,4/7/2022,7
499,El,Gurnell,11/22/2022,12/10/2022,10
500,Jimmie,Gotcliffe,1/10/2023,5/25/2022,62
501,Dani,MacDonell,12/15/2022,7/12/2022,97
502,Alissa,Arden,8/28/2022,11/7/2022,38
503,Dniren,Weatherhogg,11/22/2022,7/25/2022,92
504,Concettina,Helgass,1/1/2023,1/28/2023,16
505,Brittani,Geertje,11/16/2022,8/8/2022,26
506,Jessi,Mitchell,7/17/2022,9/1/2022,49
507,Sherlock,Walesby,10/9/2022,4/28/2022,67
508,Kynthia,Trembley,4/27/2022,4/24/2022,18
509,Barbabas,Gellibrand,3/5/2023,10/2/2022,30
510,Lalo,Depper,5/7/2022,7/1/2022,72
511,Phineas,Rimmer,2/10/2023,11/9/2022,99
512,Hershel,Astlet,10/29/2022,2/5/2023,63
513,Trudi,Gumby,4/15/2022,10/16/2022,78
514,Parrnell,Brixham,8/24/2022,1/13/2023,35
515,Rriocard,Gowers,7/21/2022,1/30/2023,10
516,Katrina,Begley,9/5/2022,1/11/2023,80
517,Earle,Jobbins,2/26/2023,7/22/2022,84
518,Winifield,Sommerville,7/18/2022,12/13/2022,78
519,Lindy,Gladtbach,8/2/2022,8/23/2022,48
520,Suki,Bussens,1/1/2023,12/24/2022,65
521,Petronella,Stegel,11/5/2022,4/11/2022,78
522,Laurette,Birth,4/3/2023,10/29/2022,1
523,Deedee,Raymont,7/31/2022,3/20/2023,33
524,Koral,Pashler,1/16/2023,2/9/2023,5
525,Jordanna,McFayden,4/19/2022,8/21/2022,92
526,Dorolice,Ruddin,7/27/2022,6/10/2022,23
527,Will,Sackett,4/2/2023,3/13/2023,36
528,Carmella,Driffe,11/22/2022,7/19/2022,95
529,Kelly,Purcell,2/11/2023,5/30/2022,68
530,Carolynn,Sukbhans,11/25/2022,2/21/2023,51
531,Becca,Warby,7/10/2022,2/18/2023,6
532,Brietta,Gyurko,6/27/2022,12/3/2022,33
533,Brook,Clevely,2/7/2023,1/4/2023,44
534,Reinaldo,Osban,5/27/2022,7/10/2022,29
535,Arv,Tattam,11/30/2022,7/28/2022,60
536,Paulita,Callis,7/7/2022,8/31/2022,21
537,Hammad,Spurryer,2/1/2023,5/21/2022,84
538,Konstanze,Saines,8/13/2022,10/14/2022,92
539,Nefen,Yakunkin,5/6/2022,7/6/2022,5
540,Rossie,Scotchmore,10/26/2022,4/17/2022,84
541,Padraic,Poetz,1/31/2023,12/14/2022,83
542,Kahlil,Lilloe,12/19/2022,1/1/2023,11
543,Linda,Lambird,1/28/2023,8/25/2022,85
544,Quentin,Briscoe,4/12/2022,9/5/2022,79
545,Linnet,McGoogan,3/8/2023,7/3/2022,8
546,Blakelee,Kendle,12/9/2022,9/1/2022,47
547,Stu,Kinny,9/11/2022,10/19/2022,33
548,Manon,Tethacot,2/27/2023,11/7/2022,57
549,Elspeth,Bromell,8/18/2022,3/7/2023,6
550,Claire,Morales,10/6/2022,4/25/2022,30
551,Demetri,Ebdon,3/12/2023,2/10/2023,56
552,Jacky,Nelius,8/8/2022,6/23/2022,93
553,Vinnie,Kestle,3/11/2023,8/16/2022,15
554,Gun,Haldenby,6/29/2022,3/18/2023,7
555,Eachelle,Banaszkiewicz,9/29/2022,1/25/2023,34
556,Genia,Feasley,3/26/2023,6/16/2022,46
557,Xever,Phippard,9/15/2022,10/29/2022,66
558,Ruthann,Bach,11/21/2022,3/29/2023,72
559,Dorrie,De Zamudio,2/8/2023,11/23/2022,30
560,Sapphira,Hadlington,9/27/2022,9/5/2022,100
561,Glynis,Eckersley,1/8/2023,2/13/2023,95
562,Kessia,Frondt,2/4/2023,12/8/2022,38
563,Egbert,Gadaud,5/13/2022,9/4/2022,96
564,Honor,Valentin,10/18/2022,4/23/2022,74
565,Richard,Botton,8/5/2022,2/12/2023,37
566,Madelle,Whitlow,5/25/2022,8/8/2022,76
567,Emlynne,L'Amie,8/5/2022,6/16/2022,69
568,Alain,Amor,7/17/2022,3/19/2023,48
569,Pincas,MacShane,1/1/2023,9/2/2022,98
570,Alric,Hedde,3/9/2023,8/11/2022,14
571,Lianna,Gosford,7/25/2022,7/12/2022,73
572,Adelind,Linke,3/24/2023,4/24/2022,94
573,Byron,Petyanin,8/27/2022,12/12/2022,11
574,Natalee,Shane,1/24/2023,3/13/2023,84
575,Juditha,Kayne,12/28/2022,3/31/2023,62
576,Justin,Alenichev,12/28/2022,5/20/2022,65
577,Wiley,Redwing,3/27/2023,7/16/2022,26
578,Vasilis,Walcar,10/11/2022,11/14/2022,21
579,Jeannine,Pendell,7/20/2022,8/25/2022,53
580,Verile,Comer,2/24/2023,3/18/2023,54
581,Albertina,Ostrich,5/14/2022,7/21/2022,56
582,Wyn,Largen,6/20/2022,12/22/2022,80
583,Michel,Mouget,8/2/2022,10/4/2022,6
584,Wash,Mulran,2/19/2023,9/22/2022,94
585,Ketti,Oager,2/12/2023,3/3/2023,38
586,Trstram,Yerlett,7/27/2022,3/6/2023,60
587,Leeland,Infante,8/6/2022,8/10/2022,86
588,Natty,Davidovsky,3/26/2023,1/21/2023,92
589,Sax,Merriman,7/24/2022,5/20/2022,16
590,Deck,Minett,3/22/2023,4/8/2022,27
591,Betti,Spray,11/20/2022,10/20/2022,76
592,Leif,Myderscough,6/17/2022,5/14/2022,22
593,Con,Critten,7/29/2022,1/25/2023,55
594,Elyssa,O'Brogan,8/27/2022,6/14/2022,50
595,Ricca,Courtman,2/1/2023,10/13/2022,97
596,Jodie,Rosnau,3/30/2023,6/18/2022,21
597,Amandy,Cubley,6/24/2022,5/20/2022,100
598,Emili,Oakman,4/28/2022,2/12/2023,71
599,Harald,Copperwaite,6/8/2022,1/18/2023,75
600,Elijah,Gumby,5/7/2022,7/20/2022,11
601,Essa,Ketts,3/11/2023,3/28/2023,7
602,Esme,Caroli,7/13/2022,4/10/2022,51
603,Harmonia,O'Nolan,6/6/2022,1/20/2023,41
604,Dillie,Kingescot,6/7/2022,5/24/2022,30
605,Etheline,Ruthen,3/2/2023,3/10/2023,7
606,Brittaney,Horburgh,3/2/2023,11/13/2022,65
607,Sallyanne,Rupke,10/25/2022,1/16/2023,63
608,Nelli,Womersley,6/5/2022,4/8/2022,4
609,Svend,Hannum,7/25/2022,7/4/2022,19
610,Wilt,Hands,2/2/2023,2/23/2023,8
611,Miran,Housen,12/27/2022,5/31/2022,79
612,Roslyn,Wix,5/23/2022,12/22/2022,9
613,Maggi,Sandon,7/17/2022,3/28/2023,39
614,Bengt,Feares,11/15/2022,7/17/2022,30
615,Devonne,Cunnow,9/17/2022,7/10/2022,43
616,Aloisia,Ratt,10/24/2022,5/11/2022,66
617,Cathie,Blakesley,1/19/2023,10/19/2022,63
618,Liza,McAlpine,4/16/2022,3/3/2023,47
619,Sax,Berns,8/13/2022,11/15/2022,95
620,Eduard,Grosier,4/5/2023,10/24/2022,42
621,Kaleb,Kopke,1/19/2023,5/14/2022,40
622,Mikey,Eckersall,6/25/2022,4/9/2022,87
623,Norrie,Wortt,9/18/2022,3/9/2023,68
624,Lola,Seeks,1/14/2023,9/8/2022,8
625,Tim,Steinhammer,11/24/2022,4/5/2023,46
626,Poppy,Agirre,4/30/2022,11/28/2022,46
627,Demetria,Scartifield,5/9/2022,9/22/2022,70
628,Ignaz,Treffrey,9/28/2022,7/25/2022,13
629,Gawen,Churchill,1/30/2023,8/2/2022,82
630,Justen,Asken,4/13/2022,3/1/2023,2
631,Neal,Dawton,4/8/2022,11/13/2022,50
632,Julius,BURWIN,2/15/2023,11/9/2022,74
633,Barnett,Smurthwaite,5/27/2022,7/10/2022,97
634,Tedra,Couch,11/19/2022,7/11/2022,60
635,Gaspard,Powdrell,2/8/2023,12/19/2022,78
636,Krispin,Duker,4/8/2022,1/29/2023,53
637,Jessy,Prestney,10/24/2022,7/16/2022,27
638,Gery,Whordley,11/26/2022,10/8/2022,45
639,Ginni,Shere,10/25/2022,9/18/2022,53
640,Roxanna,Mancktelow,5/21/2022,5/26/2022,55
641,Joyann,Blackleech,8/26/2022,2/19/2023,28
642,Leeann,Manchester,7/19/2022,1/16/2023,43
643,Julian,Pollock,3/8/2023,2/8/2023,5
644,Karly,Gornar,7/18/2022,5/29/2022,79
645,Belita,Goodayle,5/20/2022,4/18/2022,20
646,Anallise,Purdie,7/30/2022,5/10/2022,33
647,Ethelind,Bonnor,10/26/2022,3/13/2023,95
648,Louisette,Clericoates,5/1/2022,12/9/2022,82
649,Nonah,Poulton,7/18/2022,11/17/2022,97
650,Waverley,Wayne,4/4/2023,6/11/2022,3
651,Lenore,Leyninye,8/15/2022,6/9/2022,29
652,Bianca,Mugleston,7/2/2022,11/28/2022,38
653,Valeria,Meininger,8/13/2022,4/11/2022,93
654,Wesley,Wyeld,1/18/2023,7/20/2022,42
655,Nariko,McMakin,2/7/2023,3/2/2023,73
656,Sidoney,Caslett,3/28/2023,3/17/2023,18
657,Jaclyn,Macconaghy,9/9/2022,9/30/2022,51
658,Eartha,Alvaro,12/30/2022,6/30/2022,84
659,Whitney,Pont,9/20/2022,5/17/2022,15
660,Sharron,Edmands,4/11/2022,10/25/2022,73
661,Juana,Dubery,3/9/2023,2/7/2023,49
662,Nerita,Bonder,4/1/2023,9/27/2022,11
663,Natal,Franzel,8/30/2022,10/25/2022,44
664,Nicky,De La Salle,10/30/2022,1/29/2023,17
665,Ula,Arderne,2/15/2023,4/25/2022,24
666,Zolly,Smitherham,12/10/2022,7/14/2022,14
667,Horst,Shakle,4/19/2022,4/15/2022,87
668,Lurline,Farraway,4/3/2023,11/11/2022,42
669,Mendel,Horning,1/18/2023,4/4/2023,71
670,Pen,Cothey,3/10/2023,9/26/2022,16
671,Melany,Petrou,8/6/2022,8/9/2022,61
672,Wilden,Clemenza,4/7/2022,8/19/2022,68
673,Laurie,Sutter,9/29/2022,5/6/2022,49
674,Sherwood,Rubury,1/10/2023,8/29/2022,12
675,Shalna,Fechnie,10/23/2022,1/15/2023,71
676,Fredi,Emney,11/11/2022,1/14/2023,18
677,Millie,Breslau,10/13/2022,5/24/2022,20
678,Lanna,Vondrach,11/24/2022,12/16/2022,38
679,Emlynn,Boland,6/3/2022,9/19/2022,19
680,Charissa,Colvie,5/2/2022,5/26/2022,14
681,Dottie,Hagley,3/16/2023,12/14/2022,17
682,Skye,Margrie,1/1/2023,10/23/2022,2
683,Gerta,Southwell,2/18/2023,11/25/2022,8
684,Ayn,Lyston,6/10/2022,1/25/2023,83
685,Robbin,Skeath,1/29/2023,7/1/2022,32
686,Evelin,Dullard,10/24/2022,4/20/2022,55
687,Minor,Gascar,8/7/2022,12/13/2022,63
688,Dori,Bennoe,3/15/2023,10/26/2022,32
689,Alma,Broadberry,11/3/2022,7/30/2022,100
690,Esdras,Cawthery,4/15/2022,5/19/2022,41
691,Derick,Olifard,12/2/2022,9/27/2022,21
692,Jacquette,McWhannel,9/27/2022,2/2/2023,92
693,Sean,Elwood,11/15/2022,9/29/2022,43
694,Glyn,McKeggie,7/15/2022,1/8/2023,86
695,Joellyn,Maudson,5/21/2022,3/21/2023,76
696,Bondon,Gallego,6/9/2022,12/20/2022,91
697,Dre,Collyns,2/18/2023,2/23/2023,62
698,Catlaina,McCauley,6/8/2022,7/18/2022,42
699,Michel,Brisset,1/28/2023,10/17/2022,95
700,Karla,Foy,8/26/2022,12/23/2022,37
701,Fraser,Finlaison,5/25/2022,7/17/2022,44
702,Mia,Holah,7/10/2022,7/14/2022,35
703,Noah,Deeming,10/4/2022,7/13/2022,78
704,Nikolos,Slot,9/3/2022,11/3/2022,76
705,Llewellyn,Belden,12/29/2022,7/3/2022,61
706,Vinnie,Morphet,1/15/2023,5/8/2022,11
707,Kenny,Martinson,10/12/2022,9/28/2022,16
708,Travus,Cregin,3/21/2023,9/2/2022,36
709,Quinn,Renvoys,9/17/2022,4/3/2023,7
710,Goober,Bettam,3/1/2023,5/23/2022,79
711,Timmy,Poli,7/21/2022,9/6/2022,97
712,Kennith,Batkin,8/20/2022,6/29/2022,41
713,Emanuel,Ballinger,1/5/2023,5/24/2022,31
714,Rollin,Wollen,2/1/2023,3/6/2023,53
715,Lena,Burston,3/20/2023,6/22/2022,24
716,Florie,Van der Merwe,11/3/2022,12/16/2022,83
717,Bronnie,Denekamp,8/1/2022,11/27/2022,79
718,Harlene,Feares,5/22/2022,7/15/2022,97
719,Jude,Woosnam,4/6/2023,4/7/2022,97
720,Hilton,Rechert,9/6/2022,11/6/2022,32
721,Jasmine,Kelly,3/5/2023,7/5/2022,23
722,Lev,Waddington,12/12/2022,9/13/2022,74
723,Stephen,Bolstridge,1/17/2023,9/25/2022,94
724,Elvira,Putman,3/2/2023,10/18/2022,53
725,Addi,Ewbach,8/9/2022,5/5/2022,27
726,Athena,Danaher,6/23/2022,6/21/2022,70
727,Jacquelin,Crumpton,8/19/2022,8/10/2022,8
728,Howey,Caizley,7/18/2022,3/1/2023,58
729,Howey,Cawthorn,4/20/2022,8/7/2022,39
730,Maurene,Mackneis,7/31/2022,1/29/2023,85
731,Jeri,Cutridge,9/17/2022,11/14/2022,57
732,Bette,McGuirk,10/3/2022,6/20/2022,17
733,Ashli,Clinkard,5/6/2022,11/29/2022,65
734,Calida,Hiscocks,9/29/2022,6/29/2022,69
735,Robby,Keyson,4/5/2023,7/9/2022,61
736,Benetta,Clifft,1/30/2023,2/11/2023,97
737,Starr,Dominico,12/14/2022,10/26/2022,3
738,De witt,Skellon,7/21/2022,8/27/2022,20
739,Marlowe,Erasmus,11/9/2022,8/29/2022,69
740,Mariel,Anstead,11/23/2022,9/13/2022,32
741,Carolina,Ardron,1/22/2023,1/1/2023,2
742,Mohandis,Hothersall,11/12/2022,10/3/2022,73
743,Oralee,Kelsell,11/2/2022,6/3/2022,92
744,Shirlee,Pridding,4/16/2022,3/28/2023,91
745,Keary,Gladwell,9/16/2022,9/4/2022,28
746,Cobb,Guyon,7/27/2022,6/16/2022,18
747,Patrizia,Hammand,4/26/2022,1/19/2023,1
748,Orella,Wahlberg,1/13/2023,7/11/2022,19
749,Lindsay,Haire,4/26/2022,2/10/2023,68
750,Rowena,Keeley,8/19/2022,1/5/2023,65
751,Bealle,Paylie,2/11/2023,10/4/2022,32
752,Nevile,Woolam,1/29/2023,2/14/2023,44
753,Koressa,Gewer,8/24/2022,2/4/2023,12
754,Artur,Beacock,2/11/2023,8/21/2022,62
755,Addy,Keld,12/23/2022,6/26/2022,80
756,Jakob,Giraldo,7/7/2022,12/14/2022,44
757,Reinold,Dowsing,5/17/2022,1/10/2023,49
758,Barde,Sutehall,2/23/2023,10/26/2022,8
759,Gare,Furmedge,3/11/2023,7/13/2022,15
760,Lucy,Ephgrave,12/24/2022,2/5/2023,4
761,Ugo,Raecroft,12/23/2022,9/8/2022,16
762,Sigismund,Reddy,5/25/2022,1/22/2023,97
763,Dasha,Pawlick,7/1/2022,4/16/2022,54
764,Finn,Skentelbery,2/4/2023,11/8/2022,98
765,Elia,McGrath,4/19/2022,1/4/2023,78
766,Bondie,Deadman,3/11/2023,1/21/2023,24
767,Allin,Rontree,6/22/2022,11/5/2022,29
768,Emanuel,Maymond,12/13/2022,1/9/2023,98
769,Beauregard,Glenton,3/4/2023,5/8/2022,36
770,Alvera,Pettit,5/6/2022,4/25/2022,81
771,Carolyne,De Blasio,2/11/2023,9/21/2022,32
772,Tressa,Schultz,12/3/2022,4/16/2022,54
773,Abbey,Mattocks,10/12/2022,6/1/2022,71
774,Garik,Sayes,4/6/2023,1/25/2023,36
775,Britteny,Youngman,7/5/2022,3/29/2023,58
776,Sibilla,Titt,7/3/2022,2/26/2023,43
777,Laraine,Gidden,5/11/2022,10/30/2022,60
778,Ortensia,Fillery,10/17/2022,12/12/2022,61
779,Luelle,Beardwood,5/6/2022,10/12/2022,91
780,Cora,Terbeck,5/4/2022,6/15/2022,21
781,Hermann,Warcop,1/14/2023,11/22/2022,86
782,Kalle,Lamburn,10/12/2022,3/30/2023,53
783,Marjie,Weinham,11/14/2022,11/20/2022,2
784,Jerrie,Tubb,6/24/2022,9/18/2022,46
785,Anderson,Anthes,4/30/2022,12/22/2022,80
786,Dixie,Glynne,10/6/2022,9/28/2022,3
787,Marissa,Frankel,3/12/2023,9/28/2022,59
788,Jill,Bolwell,3/30/2023,1/4/2023,28
789,Ikey,Shyres,8/29/2022,4/26/2022,92
790,Gauthier,Peffer,4/19/2022,4/9/2022,23
791,Lolita,Butters,3/7/2023,3/4/2023,67
792,Glenden,Weighell,11/12/2022,12/10/2022,90
793,Luce,Le Brum,2/4/2023,5/2/2022,63
794,Felisha,Ashton,8/17/2022,4/19/2022,21
795,Cindie,Cumberpatch,10/31/2022,11/26/2022,59
796,Cherey,Luetkemeyer,10/20/2022,9/8/2022,56
797,Evangelina,Rilings,8/3/2022,3/5/2023,43
798,Mattie,Millimoe,7/3/2022,11/9/2022,90
799,Scotty,Greenstead,4/5/2023,11/19/2022,4
800,Bendite,Josefs,7/29/2022,6/4/2022,85
801,Vergil,Wattisham,6/23/2022,1/8/2023,22
802,Zsazsa,Charles,4/17/2022,3/28/2023,98
803,Ravi,Lamplough,6/29/2022,12/29/2022,76
804,Eugenius,Carlens,2/4/2023,7/3/2022,75
805,Yves,Gallear,10/17/2022,7/19/2022,69
806,Albrecht,McMenamin,9/1/2022,12/26/2022,79
807,Cordell,Dymond,5/7/2022,10/8/2022,92
808,Meade,Crowder,5/5/2022,3/30/2023,83
809,Mickie,Yashaev,10/31/2022,5/21/2022,44
810,Leeann,Griss,2/22/2023,7/11/2022,73
811,Charlotta,Upex,2/27/2023,4/5/2023,17
812,Obadias,McKimm,10/5/2022,12/27/2022,86
813,Lesya,Blanket,5/3/2022,3/6/2023,84
814,Miguelita,Burton,1/9/2023,6/19/2022,19
815,Aretha,Kopmann,1/15/2023,10/21/2022,17
816,Isak,Jerson,3/19/2023,10/13/2022,44
817,Samantha,Holme,4/7/2022,7/23/2022,99
818,Mathe,Early,12/25/2022,11/29/2022,55
819,Ernestine,Letixier,12/20/2022,8/29/2022,32
820,Coop,Gregoriou,3/14/2023,6/15/2022,5
821,Billie,Bulteel,10/20/2022,7/28/2022,11
822,Rupert,Hains,7/27/2022,11/12/2022,3
823,Teriann,Moakler,11/4/2022,3/5/2023,56
824,Imogene,Chesterfield,4/25/2022,7/6/2022,59
825,Yettie,Ownsworth,5/3/2022,2/5/2023,64
826,Quincy,Pignon,11/29/2022,10/21/2022,73
827,Catarina,Haycock,3/7/2023,2/7/2023,1
828,Darsey,Groucutt,9/28/2022,2/23/2023,64
829,Andria,Prisley,8/6/2022,8/11/2022,92
830,Barbey,Standen,2/10/2023,3/30/2023,77
831,Yolanda,Crookshank,2/4/2023,1/25/2023,97
832,Terrell,Gleadhall,1/20/2023,2/24/2023,43
833,Linnie,Koene,5/8/2022,3/17/2023,89
834,Zena,Islip,7/8/2022,11/27/2022,82
835,Helenelizabeth,Robus,5/15/2022,1/24/2023,26
836,Agnese,Fife,9/26/2022,2/7/2023,91
837,Andras,Eadmeads,12/3/2022,1/1/2023,28
838,Camey,Read,7/19/2022,2/28/2023,86
839,Rip,Lillico,9/8/2022,1/3/2023,3
840,Esdras,Aleevy,12/30/2022,4/9/2022,47
841,Ruddy,Ropp,3/27/2023,2/1/2023,94
842,Hinda,Shalloe,10/17/2022,11/30/2022,88
843,Gretal,Desport,8/29/2022,5/6/2022,79
844,Everett,Frankema,10/19/2022,4/15/2022,70
845,Ferguson,Rousell,6/24/2022,4/5/2023,89
846,Melony,Worts,10/28/2022,8/21/2022,2
847,Adolphus,McWhirter,10/16/2022,10/10/2022,5
848,Cello,Mattheeuw,7/31/2022,7/15/2022,41
849,Annadiane,Linkin,9/16/2022,1/22/2023,20
850,Dirk,Burgess,12/10/2022,12/21/2022,57
851,Sandye,Sollitt,10/17/2022,7/2/2022,70
852,Hubie,Obeney,10/11/2022,2/15/2023,18
853,Dee dee,Haygreen,12/2/2022,8/1/2022,57
854,Charmaine,Sturney,6/3/2022,6/18/2022,21
855,Shelli,Manhare,11/15/2022,10/27/2022,6
856,Nanice,Hadgkiss,12/16/2022,3/18/2023,38
857,Hobey,Tomney,1/23/2023,4/9/2022,47
858,Duane,Pick,10/24/2022,10/21/2022,89
859,Maurise,Breckell,7/3/2022,4/22/2022,1
860,Meredith,Frail,11/19/2022,7/23/2022,82
861,Clementine,Clinning,2/6/2023,11/19/2022,28
862,Dana,Chivrall,6/21/2022,7/22/2022,29
863,Dru,Caldayrou,4/15/2022,6/12/2022,46
864,Constancy,McGillacoell,7/10/2022,12/16/2022,72
865,Loleta,Plascott,3/28/2023,8/27/2022,16
866,Brandy,Binestead,2/23/2023,5/15/2022,48
867,Jyoti,Clout,9/16/2022,10/14/2022,37
868,Andrea,Thynn,7/11/2022,7/2/2022,14
869,Lucinda,D'Costa,6/17/2022,7/12/2022,3
870,Alia,O'Donoghue,6/4/2022,3/19/2023,88
871,Livvy,Aleksandrov,3/21/2023,12/7/2022,65
872,Jessalin,Paolicchi,10/4/2022,2/18/2023,45
873,Montague,Southall,2/16/2023,3/13/2023,48
874,Leoine,Ferier,1/15/2023,9/6/2022,81
875,Donn,Holston,9/28/2022,6/12/2022,50
876,Karlan,Veel,4/7/2022,8/2/2022,42
877,Zelig,Bailess,12/24/2022,7/25/2022,74
878,Elizabeth,Stock,7/13/2022,7/19/2022,57
879,Jordanna,Shieber,4/13/2022,8/15/2022,17
880,Kristien,Comiam,3/11/2023,9/8/2022,68
881,Bethanne,Gatley,7/2/2022,4/18/2022,52
882,Stanislas,Melledy,7/24/2022,10/13/2022,56
883,Miguelita,Honeyghan,1/2/2023,7/28/2022,18
884,Dalton,Kirkness,5/10/2022,4/12/2022,74
885,Antonius,Simla,12/25/2022,2/9/2023,32
886,Leora,Apperley,11/26/2022,1/31/2023,72
887,Cortney,Gracey,3/7/2023,10/20/2022,87
888,Janelle,Hulcoop,1/8/2023,3/5/2023,1
889,Ellswerth,Hanmer,11/14/2022,2/1/2023,39
890,Itch,Pietrowski,6/4/2022,7/10/2022,9
891,Winny,Tinker,1/3/2023,11/20/2022,37
892,Caterina,Parsons,5/25/2022,4/24/2022,67
893,Bambie,Soff,2/7/2023,3/28/2023,58
894,Christi,Parlet,12/6/2022,4/28/2022,48
895,Rodie,Kirkland,1/5/2023,10/18/2022,38
896,Moshe,Liquorish,5/22/2022,4/23/2022,37
897,Sheri,Mounce,6/20/2022,5/13/2022,18
898,Georges,Sjostrom,6/9/2022,7/29/2022,9
899,Ernestine,Curston,10/20/2022,5/29/2022,41
900,Andee,Greson,6/13/2022,3/20/2023,54
901,Nick,Keets,1/4/2023,1/28/2023,98
902,Jeannie,Sawfoot,1/11/2023,5/22/2022,9
903,Eben,Hacking,7/3/2022,12/31/2022,74
904,Sollie,McGarahan,2/15/2023,11/14/2022,60
905,Mommy,Halegarth,2/1/2023,11/12/2022,76
906,Isac,Jouhan,3/2/2023,6/4/2022,72
907,Sybilla,Kinnerley,1/6/2023,4/19/2022,41
908,Alina,Blackmuir,4/11/2022,2/18/2023,72
909,Lesli,D'Oyly,1/25/2023,8/19/2022,44
910,Tedie,Perllman,4/23/2022,8/29/2022,40
911,Irene,Ellson,7/17/2022,8/26/2022,15
912,Meara,Iscowitz,12/24/2022,6/2/2022,67
913,Milli,Dmytryk,8/3/2022,4/21/2022,71
914,Jess,Threadgold,2/12/2023,2/23/2023,3
915,Petronia,Serrier,1/13/2023,2/18/2023,66
916,Foss,Bamforth,5/17/2022,2/24/2023,74
917,Jefferey,Sparling,7/16/2022,5/18/2022,59
918,Kearney,Tonbridge,10/1/2022,9/22/2022,40
919,Vernon,Russ,10/16/2022,7/18/2022,69
920,Nehemiah,Rayson,8/17/2022,12/14/2022,52
921,Parnell,Ticehurst,1/27/2023,10/22/2022,65
922,Caresse,Leagas,2/2/2023,6/18/2022,34
923,Johnath,Rosettini,2/11/2023,9/16/2022,34
924,Elvin,Grinvalds,12/25/2022,8/30/2022,58
925,Lizzie,Rubinovitch,9/7/2022,4/9/2022,88
926,Isac,Tomek,10/26/2022,3/14/2023,89
927,Beale,Lemmertz,1/6/2023,11/4/2022,94
928,Webb,Tregea,8/24/2022,10/16/2022,22
929,Vidovic,Matisse,8/17/2022,10/18/2022,54
930,Shoshana,Sargeaunt,11/16/2022,10/25/2022,4
931,Everett,Danbye,6/24/2022,3/31/2023,31
932,Nert,Broadley,5/31/2022,10/23/2022,76
933,Daloris,Laroze,11/18/2022,1/23/2023,18
934,Lilly,Naptin,3/12/2023,8/22/2022,15
935,Mortie,Killbey,9/28/2022,7/2/2022,96
936,Carmelita,Fosdick,1/5/2023,3/17/2023,56
937,Eulalie,Bunner,9/9/2022,4/2/2023,88
938,Harcourt,Waddilow,10/31/2022,5/20/2022,86
939,Roxanna,Mein,9/6/2022,6/18/2022,83
940,Gerri,De Miranda,6/28/2022,8/19/2022,95
941,Gabby,Mattys,7/20/2022,7/15/2022,48
942,Lulita,Pyson,9/11/2022,3/16/2023,10
943,Grover,Andriveau,4/4/2023,2/18/2023,43
944,Athena,Osmond,3/21/2023,1/26/2023,60
945,Mattie,Clerke,7/6/2022,5/26/2022,49
946,Thorin,Wistance,12/30/2022,9/4/2022,51
947,Auberon,Neem,10/9/2022,10/2/2022,50
948,Auberon,Scrancher,3/9/2023,3/7/2023,2
949,Eduino,Twigley,1/26/2023,4/6/2023,62
950,Aretha,Slayny,3/11/2023,5/20/2022,32
951,Gregoor,Peart,11/7/2022,3/13/2023,38
952,Danit,Jedras,7/21/2022,7/28/2022,10
953,Barbaraanne,Rohlf,2/20/2023,4/11/2022,87
954,Brigg,Starrs,9/28/2022,5/11/2022,55
955,Morena,Bisgrove,5/14/2022,11/23/2022,13
956,Averill,Bagger,2/23/2023,12/14/2022,61
957,Glori,Renfrew,1/26/2023,3/16/2023,42
958,Oswell,Johnes,5/4/2022,4/13/2022,17
959,Chauncey,Vereker,4/15/2022,5/17/2022,35
960,Georgetta,Hunnywell,11/14/2022,9/3/2022,37
961,Leila,Stryde,3/30/2023,6/12/2022,14
962,Briana,McKune,7/19/2022,6/27/2022,17
963,Raimund,Dewick,10/27/2022,1/26/2023,42
964,Valaree,Cutmere,7/19/2022,12/11/2022,73
965,Ellswerth,Bowditch,3/25/2023,12/9/2022,85
966,Katheryn,Branford,3/2/2023,2/21/2023,83
967,Dennis,Bunce,12/8/2022,3/20/2023,62
968,Eldon,McMillam,11/27/2022,9/30/2022,45
969,Morse,Lowdes,1/26/2023,10/9/2022,80
970,Linn,Pietruszka,11/26/2022,1/5/2023,98
971,Amii,Willison,11/14/2022,1/21/2023,48
972,Llewellyn,Narramor,1/4/2023,4/22/2022,58
973,Chen,Todeo,12/1/2022,6/23/2022,94
974,Dmitri,Northedge,2/3/2023,6/5/2022,12
975,Wandis,Manske,5/2/2022,9/7/2022,62
976,Claudette,Truckell,8/11/2022,11/29/2022,44
977,Alessandro,Joslow,3/17/2023,5/20/2022,41
978,Reynolds,Shufflebotham,12/4/2022,11/11/2022,55
979,Nani,Burmaster,1/26/2023,11/26/2022,2
980,Nixie,O'Lagen,3/2/2023,3/7/2023,8
981,Agustin,Swede,10/10/2022,12/11/2022,56
982,Kiley,Cutteridge,9/25/2022,4/12/2022,36
983,Gerrilee,Hungerford,7/5/2022,10/19/2022,66
984,Marcello,Matasov,5/23/2022,3/23/2023,74
985,Phillida,Oldfield,7/20/2022,5/9/2022,79
986,Mercedes,Cardoso,12/25/2022,11/18/2022,34
987,Carmon,Brinklow,10/28/2022,3/28/2023,78
988,Yevette,Bayle,10/11/2022,1/14/2023,63
989,Desiree,Dannohl,6/12/2022,6/20/2022,79
990,Isa,Burniston,9/11/2022,1/17/2023,84
991,Sherline,Linnemann,4/12/2022,6/17/2022,89
992,Nata,Durran,12/18/2022,7/25/2022,8
993,Dayna,Krug,3/9/2023,12/17/2022,75
994,Manda,Zupa,2/19/2023,11/23/2022,55
995,Morry,Liddicoat,6/1/2022,11/18/2022,3
996,Rand,Truswell,10/31/2022,11/3/2022,86
997,Bonny,Grzesiak,3/15/2023,10/6/2022,15
998,Jonell,Donn,10/3/2022,11/22/2022,72
999,Ariel,Geikie,1/21/2023,11/13/2022,72
1000,Emelina,Andrelli,9/30/2022,7/10/2022,23
